{
  "roc_auc": 0.5,
  "pr_auc": 0.3333333333333333,
  "brier": 0.22222222222222224,
  "ks": 1.0
}